Title,Vendor,Model,Android Version,Publication Date,Links
1,,iNew U9 FRP Bypass (Android 5.1) Unlock Google (Without PC),5.1,2023-05-30 09:59:00,https://www.bypassfrpfiles.com/2023/05/inew-u9-frp-bypass/
2,,iNew U7 FRP Bypass (Android 5.1) Unlock Google (Without PC),5.1,2023-05-30 09:43:00,https://www.bypassfrpfiles.com/2023/05/inew-u7-frp-bypass/
3,,iNew U3W FRP Bypass (Android 5.1) Unlock Google (Without PC),5.1,2023-05-30 09:29:00,https://www.bypassfrpfiles.com/2023/05/inew-u3w-frp-bypass/
4,,iNew L5 FRP Bypass (Android 5.1) Unlock Google (Without PC),5.1,2023-05-30 09:20:00,https://www.bypassfrpfiles.com/2023/05/inew-l5-frp-bypass/
5,,iNew U3 FRP Bypass (Android 5.1) Unlock Google (Without PC),5.1,2023-05-30 09:05:00,https://www.bypassfrpfiles.com/2023/05/inew-u3-frp-bypass/
6,,iNew U5 FRP Bypass (Android 5.1) Unlock Google (Without PC),5.1,2023-05-30 08:49:00,https://www.bypassfrpfiles.com/2023/05/inew-u5-frp-bypass/
7,,iNew U5W FRP Bypass (Android 5.1) Unlock Google (Without PC),5.1,2023-05-30 08:33:49,https://www.bypassfrpfiles.com/2023/05/inew-u5w-frp-bypass/
8,,iRemoval Pro Tool v6.1.1 Download (iRa1n v4.1) Latest Version Update,,2023-05-30 08:20:12,https://www.bypassfrpfiles.com/2023/05/iremoval-pro-tool/
9,,Mobicel RIO SS FRP Bypass Android 11 Go Unlock Google Gmail – Without PC,11.0,2023-05-29 11:05:24,https://www.bypassfrpfiles.com/2023/05/mobicel-rio-ss-frp-bypass/
10,,iNew U8W FRP Bypass (Android 5.1) Unlock Google (Without PC),5.1,2023-05-29 09:30:00,https://www.bypassfrpfiles.com/2023/05/inew-u8w-frp-bypass/
11,,iNew U9 Plus FRP Bypass (Android 5.1) Unlock Google (Without PC),5.1,2023-05-29 09:10:00,https://www.bypassfrpfiles.com/2023/05/inew-u9-plus-frp-bypass/
12,,iNew Fire 1 FRP Bypass (Android 5.1) Unlock Google (Without PC),5.1,2023-05-29 08:56:00,https://www.bypassfrpfiles.com/2023/05/inew-fire-1-frp-bypass/
13,,iNew U5F FRP Bypass (Android 5.1) Unlock Google (Without PC),5.1,2023-05-29 08:42:00,https://www.bypassfrpfiles.com/2023/05/inew-u5f-frp-bypass/
14,,iNew U7 4G FRP Bypass (Android 6.0) Unlock Google (Without PC),6.0,2023-05-29 08:29:00,https://www.bypassfrpfiles.com/2023/05/inew-u7-4g-frp-bypass-unlock-google/
15,,iNew L7 FRP Bypass (Android 6.0) Unlock Google (Without PC),6.0,2023-05-29 08:15:03,https://www.bypassfrpfiles.com/2023/05/inew-l7-frp-bypass/
16,,iNew Pandora R9 FRP Bypass (Android 6.0) Unlock Google (Without PC),6.0,2023-05-29 08:02:27,https://www.bypassfrpfiles.com/2023/05/inew-pandora-r9-frp-bypass/
17,,iNew I9 FRP Bypass (Android 6.0) Unlock Google Lock Without PC,6.0,2023-05-29 07:49:12,https://www.bypassfrpfiles.com/2023/05/inew-i9-frp-bypass/
18,,How to Samsung S20 Plus Hard Reset & Factory Reset,,2023-05-28 09:16:00,https://www.bypassfrpfiles.com/2023/05/samsung-s20-plus-hard-reset/
19,,How to Samsung A41 Hard Reset & Factory Reset,,2023-05-28 08:59:00,https://www.bypassfrpfiles.com/2023/05/samsung-a41-hard-reset/
20,,How to Samsung M21 Hard Reset & Factory Reset,,2023-05-28 08:48:00,https://www.bypassfrpfiles.com/2023/05/samsung-m21-hard-reset/
21,,How to Samsung A11 Hard Reset & Factory Reset,,2023-05-28 08:34:00,https://www.bypassfrpfiles.com/2023/05/samsung-a11-hard-reset/
22,,How to Samsung M31 Hard Reset & Factory Reset,,2023-05-28 08:20:00,https://www.bypassfrpfiles.com/2023/05/samsung-m31-hard-reset/
23,,How to Samsung A31 Hard Reset & Factory Reset,,2023-05-28 08:04:20,https://www.bypassfrpfiles.com/2023/05/samsung-a31-hard-reset/
24,802,How to Fix Oppo A15 RED State (CPH2185) SP Tool Flashing Error Solution,,2023-05-28 07:34:50,https://www.bypassfrpfiles.com/2023/05/oppo-a15-red-state/
25,,TFM Tool Pro SPD Module V1.3.0 Setup Latest Version Download,,2023-05-27 20:26:55,https://www.bypassfrpfiles.com/2023/05/tfm-tool-pro-spd-module/
26,,How to Samsung A71 5G Hard Reset & Factory Reset,,2023-05-27 08:50:00,https://www.bypassfrpfiles.com/2023/05/samsung-a71-5g-hard-reset/
27,,How to Samsung A51 Hard Reset & Factory Reset,,2023-05-27 08:32:00,https://www.bypassfrpfiles.com/2023/05/samsung-a51-hard-reset/
28,,How to Samsung A21 Hard Reset & Factory Reset,,2023-05-27 08:15:00,https://www.bypassfrpfiles.com/2023/05/samsung-a21-hard-reset/
29,,How to Samsung Tab A 8.4 Hard Reset & Factory Reset,,2023-05-27 07:59:00,https://www.bypassfrpfiles.com/2023/05/samsung-tab-a-8-4-hard-reset/
30,,How to Samsung M11 Hard Reset & Factory Reset,,2023-05-27 07:40:00,https://www.bypassfrpfiles.com/2023/05/samsung-m11-hard-reset/
31,,How to Samsung A Quantum Hard Reset & Factory Reset,,2023-05-27 07:25:00,https://www.bypassfrpfiles.com/2023/05/samsung-a-quantum-hard-reset/
32,,How to Samsung A21s Hard Reset & Factory Reset,,2023-05-27 07:09:00,https://www.bypassfrpfiles.com/2023/05/samsung-a21s-hard-reset/
33,,How to Samsung M01 Hard Reset & Factory Reset,,2023-05-27 06:55:49,https://www.bypassfrpfiles.com/2023/05/samsung-m01-hard-reset/
34,,How to Samsung A01 Core Hard Reset & Factory Reset,,2023-05-25 22:34:17,https://www.bypassfrpfiles.com/2023/05/samsung-a01-core-hard-reset/
35,,How to Samsung M01 Core Hard Reset & Factory Reset,,2023-05-25 22:29:09,https://www.bypassfrpfiles.com/2023/05/samsung-m01-core-hard-reset/
36,,How to Samsung M01s Hard Reset & Factory Reset,,2023-05-25 22:22:44,https://www.bypassfrpfiles.com/2023/05/samsung-m01s-hard-reset/
37,,How to Samsung M31s Hard Reset & Factory Reset,,2023-05-25 22:15:19,https://www.bypassfrpfiles.com/2023/05/samsung-m31s-hard-reset/
38,,How to Samsung Tab S7 Hard Reset & Factory Reset,,2023-05-25 22:03:45,https://www.bypassfrpfiles.com/2023/05/samsung-tab-s7-hard-reset/
39,,How to Samsung Tab S7 Plus Hard Reset & Factory Reset,,2023-05-25 21:50:00,https://www.bypassfrpfiles.com/2023/05/samsung-tab-s7-plus-hard-reset/
40,,How to Samsung Note 20 Hard Reset & Factory Reset,,2023-05-25 21:35:31,https://www.bypassfrpfiles.com/2023/05/samsung-note-20-hard-reset/
41,,How to Samsung Note 20 Ultra Hard Reset & Factory Reset,,2023-05-25 21:27:19,https://www.bypassfrpfiles.com/2023/05/samsung-note-20-ultra-hard-reset/
42,,How to Samsung A02 Hard Reset & Factory Reset,,2023-05-25 10:25:00,https://www.bypassfrpfiles.com/2023/05/samsung-a02-hard-reset/
43,,How to Samsung M51 Hard Reset & Factory Reset,,2023-05-25 10:11:00,https://www.bypassfrpfiles.com/2023/05/samsung-m51-hard-reset/
44,,How to Samsung A02s Hard Reset & Factory Reset,,2023-05-25 09:59:00,https://www.bypassfrpfiles.com/2023/05/samsung-a02s-hard-reset/
45,,How to Samsung M31 Prime Hard Reset & Factory Reset,,2023-05-25 09:22:00,https://www.bypassfrpfiles.com/2023/05/samsung-m31-prime-hard-reset/
46,,How to Samsung F41 Hard Reset & Factory Reset,,2023-05-25 09:10:00,https://www.bypassfrpfiles.com/2023/05/samsung-f41-hard-reset/
47,,How to Samsung A42 5G Hard Reset & Factory Reset,,2023-05-25 08:57:09,https://www.bypassfrpfiles.com/2023/05/samsung-a42-5g-hard-reset/
48,293,"How to Fix Vivo Y91, Y93, Y95, Y11 Dead After Remove Pattern or FRP (Fix Via USB Only)",,2023-05-25 08:26:27,https://www.bypassfrpfiles.com/2023/05/fix-vivo-y91-y93-y95-y11-dead-after-remove-pattern-or-frp/
49,,How to Samsung M02s Hard Reset & Factory Reset,,2023-05-25 06:29:00,https://www.bypassfrpfiles.com/2023/05/samsung-m02s-hard-reset/
50,,TFM Tool Pro V2.8.6 Latest Setup Version Download (Main Module),,2023-05-24 12:10:29,https://www.bypassfrpfiles.com/2023/05/tfm-tool-pro/
51,1863,How to Samsung Galaxy S21 Ultra Hard Reset & Factory Reset,,2023-05-24 10:25:00,https://www.bypassfrpfiles.com/2023/05/samsung-s21-ultra-hard-reset/
52,,How to Samsung S21 Plus Hard Reset & Factory Reset,,2023-05-24 10:10:00,https://www.bypassfrpfiles.com/2023/05/samsung-s21-plus-hard-reset/
53,,How to Samsung S21 Hard Reset & Factory Reset,,2023-05-24 09:59:23,https://www.bypassfrpfiles.com/2023/05/samsung-s21-hard-reset/
54,661,OnePlus 10R FRP Bypass Android 13 Unlock Google Lock Without PC,13.0,2023-05-24 09:41:12,https://www.bypassfrpfiles.com/2023/05/oneplus-10r-frp-bypass-android-13/
55,661,OnePlus Nord CE 5G FRP Bypass Android 13 Unlock Google Lock Without PC,13.0,2023-05-24 08:57:38,https://www.bypassfrpfiles.com/2023/05/oneplus-nord-ce-5g-frp-bypass-android-13/
56,661,OnePlus Nord CE 2 5G FRP Bypass Android 13 Unlock Google Lock Without PC,13.0,2023-05-24 08:49:50,https://www.bypassfrpfiles.com/2023/05/oneplus-nord-ce-2-5g-frp-bypass-android-13/
57,661,OnePlus Nord 2T FRP Bypass Android 13 Unlock Google Lock Without PC,13.0,2023-05-24 08:23:23,https://www.bypassfrpfiles.com/2023/05/oneplus-nord-2t-frp-bypass-android-13/
58,661,OnePlus Nord CE 3 Lite FRP Bypass Android 13 Unlock Google Lock Latest Security Update,13.0,2023-05-23 11:29:54,https://www.bypassfrpfiles.com/2023/05/oneplus-nord-ce-3-lite-frp-bypass/
59,,How to Samsung M21s Hard Reset & Factory Reset,,2023-05-23 11:06:38,https://www.bypassfrpfiles.com/2023/05/samsung-m21s-hard-reset/
60,,How to Samsung F62 Hard Reset & Factory Reset,,2023-05-23 10:52:36,https://www.bypassfrpfiles.com/2023/05/samsung-f62-hard-reset/
61,,How to Samsung M62 Hard Reset & Factory Reset,,2023-05-23 08:46:09,https://www.bypassfrpfiles.com/2023/05/samsung-m62-hard-reset/
62,,How to Samsung A32 Hard Reset & Factory Reset,,2023-05-23 08:36:13,https://www.bypassfrpfiles.com/2023/05/samsung-a32-hard-reset/
63,,How to Samsung Xcover 5 Hard Reset & Factory Reset,,2023-05-23 08:19:08,https://www.bypassfrpfiles.com/2023/05/samsung-xcover-5-hard-reset/
64,,How to Samsung A52 Hard Reset & Factory Reset,,2023-05-23 08:10:08,https://www.bypassfrpfiles.com/2023/05/samsung-a52-hard-reset/
65,,How to Samsung A72 Hard Reset & Factory Reset,,2023-05-23 07:54:13,https://www.bypassfrpfiles.com/2023/05/samsung-a72-hard-reset/
66,492,Realme GT 3 FRP Bypass Android 13 Unlock Google Lock Latest Security Update,13.0,2023-05-22 11:17:13,https://www.bypassfrpfiles.com/2023/05/realme-gt-3-frp-bypass/
67,489,Realme GT Neo 5 FRP Bypass Android 13 Unlock Google Lock Latest Security Update,13.0,2023-05-23 11:20:21,https://www.bypassfrpfiles.com/2023/05/realme-gt-neo-5-frp-bypass/
68,877,Oppo A1x FRP Bypass Android 13 Unlock Google Lock Latest Security Update,13.0,2023-05-22 10:38:22,https://www.bypassfrpfiles.com/2023/05/oppo-a1x-frp-bypass/
69,877,Oppo A1 FRP Bypass Android 13 Unlock Google Lock Latest Security Update,13.0,2023-05-22 09:41:05,https://www.bypassfrpfiles.com/2023/05/oppo-a1-frp-bypass/
70,,How to Samsung F02s Hard Reset & Factory Reset,,2023-05-22 09:06:59,https://www.bypassfrpfiles.com/2023/05/samsung-f02s-hard-reset/
71,,How to Samsung F12 Hard Reset & Factory Reset,,2023-05-22 08:48:53,https://www.bypassfrpfiles.com/2023/05/samsung-f12-hard-reset/
72,,How to Samsung Quantum 2 Hard Reset & Factory Reset,,2023-05-22 08:38:39,https://www.bypassfrpfiles.com/2023/05/samsung-quantum-2-hard-reset/
73,,How to Samsung M12 Hard Reset & Factory Reset,,2023-05-22 08:29:52,https://www.bypassfrpfiles.com/2023/05/samsung-m12-hard-reset/
74,,How to Samsung M42 5G Hard Reset & Factory Reset,,2023-05-21 09:13:45,https://www.bypassfrpfiles.com/2023/05/samsung-m42-5g-hard-reset/
75,,How to Samsung F52 5G Hard Reset & Factory Reset,,2023-05-21 09:00:56,https://www.bypassfrpfiles.com/2023/05/samsung-f52-5g-hard-reset/
76,,How to Samsung Tab S7 FE Hard Reset & Factory Reset,,2023-05-21 08:50:02,https://www.bypassfrpfiles.com/2023/05/samsung-tab-s7-fe-hard-reset/
77,,How to Samsung Tab A7 Lite Hard Reset & Factory Reset,,2023-05-21 08:39:22,https://www.bypassfrpfiles.com/2023/05/samsung-tab-a7-lite-hard-reset/
78,,How to Samsung A22 Hard Reset & Factory Reset,,2023-05-21 08:27:44,https://www.bypassfrpfiles.com/2023/05/samsung-a22-hard-reset/
79,,How to Samsung M32 Prime Hard Reset & Factory Reset,,2023-05-21 08:05:08,https://www.bypassfrpfiles.com/2023/05/samsung-m32-prime-hard-reset/
80,,How to Samsung F22 Hard Reset & Factory Reset,,2023-05-21 07:54:53,https://www.bypassfrpfiles.com/2023/05/samsung-f22-hard-reset/
81,,How to Samsung A12 Nacho Hard Reset & Factory Reset,,2023-05-21 07:47:07,https://www.bypassfrpfiles.com/2023/05/samsung-a12-nacho-hard-reset/
82,,How to Samsung A12 Hard Reset & Factory Reset,,2023-05-20 11:00:47,https://www.bypassfrpfiles.com/2023/05/samsung-a12-hard-reset/
83,,How to Samsung M32 5G Hard Reset & Factory Reset,,2023-05-20 10:55:45,https://www.bypassfrpfiles.com/2023/05/samsung-m32-5g-hard-reset/
84,,How to Samsung M22 Hard Reset & Factory Reset,,2023-05-20 09:29:37,https://www.bypassfrpfiles.com/2023/05/samsung-m22-hard-reset/
85,,How to Samsung A52s 5G Hard Reset & Factory Reset,,2023-05-20 09:20:27,https://www.bypassfrpfiles.com/2023/05/samsung-a52s-5g-hard-reset/
86,,How to Samsung M52 5G Hard Reset & Factory Reset,,2023-05-20 09:06:55,https://www.bypassfrpfiles.com/2023/05/samsung-m52-5g-hard-reset/
87,,How to Samsung A03 Core Hard Reset & Factory Reset,,2023-05-20 08:55:17,https://www.bypassfrpfiles.com/2023/05/samsung-a03-core-hard-reset/
88,,How to Samsung A03 Hard Reset & Factory Reset,,2023-05-20 08:37:17,https://www.bypassfrpfiles.com/2023/05/samsung-a03-hard-reset/
89,,How to Samsung F42 5G Hard Reset & Factory Reset,,2023-05-20 08:23:05,https://www.bypassfrpfiles.com/2023/05/samsung-f42-5g-hard-reset/
90,,Avvio L800 FRP Bypass Unlock Google Gmail (Android 5.1) Without PC,5.1,2023-05-18 22:49:07,https://www.bypassfrpfiles.com/2023/05/avvio-l800-frp-bypass/
91,,Avvio Q797 FRP Bypass Unlock Google Gmail (Android 5.1) Without PC,5.1,2023-05-18 22:43:20,https://www.bypassfrpfiles.com/2023/05/avvio-q797-frp-bypass/
92,,Avvio L640 FRP Bypass Unlock Google Gmail (Android 5.1) Without PC,5.1,2023-05-18 22:34:02,https://www.bypassfrpfiles.com/2023/05/avvio-l640-frp-bypass/
93,4400,Bluboo Picasso 4G FRP Bypass (Android 6.0) Unlock Google Lock Without PC,6.0,2023-05-18 22:24:30,https://www.bypassfrpfiles.com/2023/05/bluboo-picasso-4g-frp-bypass/
94,4386,Bluboo D6 Pro FRP Bypass Unlock Google Gmail (Android 5.1) Without PC,5.1,2023-05-18 22:04:28,https://www.bypassfrpfiles.com/2023/05/bluboo-d6-pro-frp-bypass/
95,4397,Bluboo Dual FRP Bypass (Android 6.0) Unlock Google Lock Without PC,6.0,2023-05-18 21:51:45,https://www.bypassfrpfiles.com/2023/05/bluboo-dual-frp-bypass/
96,566,Bluboo Edge FRP Bypass (Android 6.0) Unlock Google Lock Without PC,6.0,2023-05-18 21:45:00,https://www.bypassfrpfiles.com/2023/05/bluboo-edge-frp-bypass/
97,4403,Bluboo Mini FRP Bypass (Android 6.0) Unlock Google Lock Without PC,6.0,2023-05-18 21:39:17,https://www.bypassfrpfiles.com/2023/05/bluboo-mini-frp-bypass/
98,4402,Bluboo Maya Max FRP Bypass (Android 6.0) Unlock Google Lock Without PC,6.0,2023-05-17 22:37:59,https://www.bypassfrpfiles.com/2023/05/bluboo-maya-max-frp-bypass/
99,4399,Bluboo Maya FRP Bypass (Android 6.0) Unlock Google Lock Without PC,6.0,2023-05-17 22:34:05,https://www.bypassfrpfiles.com/2023/05/bluboo-maya-frp-bypass/
100,4398,Bluboo Picasso FRP Bypass Unlock Google Gmail (Android 5.1) Without PC,5.1,2023-05-17 22:23:56,https://www.bypassfrpfiles.com/2023/05/bluboo-picasso-frp-bypass/
101,4404,Bluboo Xfire 2 FRP Bypass Unlock Google Gmail (Android 5.1) Without PC,5.1,2023-05-17 22:20:05,https://www.bypassfrpfiles.com/2023/05/bluboo-xfire-2-frp-bypass/
102,1668,Bluboo X9 FRP Bypass Unlock Google Gmail (Android 5.1) Without PC,5.1,2023-05-17 22:02:37,https://www.bypassfrpfiles.com/2023/05/bluboo-x9-frp-bypass/
103,4407,Bluboo Xtouch FRP Bypass Unlock Google Gmail (Android 5.1) Without PC,5.1,2023-05-17 21:54:14,https://www.bypassfrpfiles.com/2023/05/bluboo-xtouch-frp-bypass/
104,4405,Bluboo Xfire FRP Bypass Unlock Google Gmail (Android 5.1) Without PC,5.1,2023-05-17 21:45:10,https://www.bypassfrpfiles.com/2023/05/bluboo-xfire-frp-bypass/
105,4406,Bluboo X550 FRP Bypass Unlock Google Gmail (Android 5.1) Without PC,5.1,2023-05-17 21:36:36,https://www.bypassfrpfiles.com/2023/05/bluboo-x550-frp-bypass/
106,,How to Samsung S21 FE Hard Reset & Factory Reset,,2023-05-17 11:26:44,https://www.bypassfrpfiles.com/2023/05/samsung-s21-fe-hard-reset/
107,,How to Samsung M23 Hard Reset & Factory Reset,,2023-05-17 10:30:03,https://www.bypassfrpfiles.com/2023/05/samsung-m23-hard-reset/
108,,How to Samsung M33 Hard Reset & Factory Reset,,2023-05-17 10:19:59,https://www.bypassfrpfiles.com/2023/05/samsung-m33-hard-reset/
109,,How to Samsung F23 Hard Reset & Factory Reset,,2023-05-17 08:44:28,https://www.bypassfrpfiles.com/2023/05/samsung-f23-hard-reset/
110,,How to Samsung A33 5G Hard Reset & Factory Reset,,2023-05-17 08:33:47,https://www.bypassfrpfiles.com/2023/05/samsung-a33-5g-hard-reset/
111,,How to Samsung A53 5G Hard Reset & Factory Reset,,2023-05-17 08:23:31,https://www.bypassfrpfiles.com/2023/05/samsung-a53-5g-hard-reset/
112,,How to Samsung A73 5G Hard Reset & Factory Reset,,2023-05-17 08:13:00,https://www.bypassfrpfiles.com/2023/05/samsung-a73-5g-hard-reset/
113,,Uhappy UP580 FRP Bypass Unlock Google Gmail (Android 5.1) Without PC,5.1,2023-05-17 07:56:22,https://www.bypassfrpfiles.com/2023/05/uhappy-up580-frp-bypass/
114,,Uhappy UP350 FRP Bypass (Android 6.0) Unlock Google Lock Without PC,6.0,2023-05-16 10:52:00,https://www.bypassfrpfiles.com/2023/05/uhappy-up350-frp-bypass/
115,,Uhappy UP720 FRP Bypass (Android 6.0) Unlock Google Lock Without PC,6.0,2023-05-16 10:40:00,https://www.bypassfrpfiles.com/2023/05/uhappy-up720-frp-bypass/
116,,Uhappy V5 FRP Bypass (Android 5.1) Unlock Google Lock Without PC,5.1,2023-05-16 10:25:15,https://www.bypassfrpfiles.com/2023/05/uhappy-v5-frp-bypass/
117,,How to Samsung M53 Hard Reset & Factory Reset,,2023-05-16 10:14:43,https://www.bypassfrpfiles.com/2023/05/samsung-m53-hard-reset/
118,,How to Samsung Tab S6 Lite Hard Reset & Factory Reset,,2023-05-16 10:01:17,https://www.bypassfrpfiles.com/2023/05/samsung-tab-s6-lite-hard-reset/
119,,How to Samsung S20 FE Hard Reset & Factory Reset,,2023-05-20 09:10:00,https://www.bypassfrpfiles.com/2023/05/samsung-s20-fe-hard-reset/
120,,How to Samsung A04s Hard Reset & Factory Reset,,2023-05-16 08:39:27,https://www.bypassfrpfiles.com/2023/05/samsung-a04s-hard-reset/
121,,How to Samsung A04e Hard Reset & Factory Reset,,2023-05-16 08:30:44,https://www.bypassfrpfiles.com/2023/05/samsung-a04e-hard-reset/
122,,How to Samsung F13 Hard Reset & Factory Reset,,2023-05-15 10:25:38,https://www.bypassfrpfiles.com/2023/05/samsung-f13-hard-reset/
123,,How to Samsung A13 Hard Reset & Factory Reset,,2023-05-15 10:08:48,https://www.bypassfrpfiles.com/2023/05/samsung-a13-hard-reset/
124,,How to Samsung M04 Hard Reset & Factory Reset,,2023-05-15 09:55:01,https://www.bypassfrpfiles.com/2023/05/samsung-m04-hard-reset/
125,,How to Samsung F04 Hard Reset & Factory Reset,,2023-05-15 09:42:44,https://www.bypassfrpfiles.com/2023/05/samsung-f04-hard-reset/
126,,How to Samsung A14 5G Hard Reset & Factory Reset,,2023-05-15 09:27:44,https://www.bypassfrpfiles.com/2023/05/samsung-a14-5g-hard-reset/
127,,How to Samsung A04 Hard Reset & Factory Reset,,2023-05-15 09:07:00,https://www.bypassfrpfiles.com/2023/05/samsung-a04-hard-reset/
128,,How to Samsung A23 5G Hard Reset & Factory Reset,,2023-05-15 08:53:48,https://www.bypassfrpfiles.com/2023/05/samsung-a23-5g-hard-reset/
129,,How to Samsung M13 5G Hard Reset & Factory Reset,,2023-05-15 08:31:56,https://www.bypassfrpfiles.com/2023/05/samsung-m13-5g-hard-reset/
130,,How to Samsung S23 Hard Reset & Factory Reset,,2023-05-14 12:32:00,https://www.bypassfrpfiles.com/2023/05/samsung-s23-hard-reset/
131,,How to Samsung S23 Plus Hard Reset & Factory Reset,,2023-05-14 12:20:09,https://www.bypassfrpfiles.com/2023/05/samsung-s23-plus-hard-reset/
132,,How to Samsung S23 Ultra Hard Reset & Factory Reset,,2023-05-14 12:05:41,https://www.bypassfrpfiles.com/2023/05/samsung-s23-ultra-hard-reset/
133,,How to Samsung M14 Hard Reset & Factory Reset,,2023-05-14 11:54:40,https://www.bypassfrpfiles.com/2023/05/samsung-m14-hard-reset/
134,,How to Samsung A34 Hard Reset & Factory Reset,,2023-05-14 11:45:30,https://www.bypassfrpfiles.com/2023/05/samsung-a34-hard-reset/
135,,How to Samsung A54 Hard Reset & Factory Reset,,2023-05-14 11:34:15,https://www.bypassfrpfiles.com/2023/05/samsung-a54-hard-reset/
136,,How to Samsung M54 Hard Reset & Factory Reset,,2023-05-14 11:16:00,https://www.bypassfrpfiles.com/2023/05/samsung-m54-hard-reset/
137,,How to Samsung F14 Hard Reset & Factory Reset,,2023-05-14 11:11:59,https://www.bypassfrpfiles.com/2023/05/samsung-f14-hard-reset/
138,329,How to Vivo V5 Plus Hard Reset & Factory Reset,,2023-05-13 09:55:29,https://www.bypassfrpfiles.com/2023/05/vivo-v5-plus-hard-reset/
139,330,How to Vivo V5 Lite Hard Reset & Factory Reset,,2023-05-13 09:40:21,https://www.bypassfrpfiles.com/2023/05/vivo-v5-lite-hard-reset/
140,,Verykool Cosmo s5528 FRP Bypass (Android 6.0) Unlock Google Lock Without PC,6.0,2023-05-13 09:20:00,https://www.bypassfrpfiles.com/2023/05/verykool-cosmo-s5528-frp-bypass/
141,,Verykool Alpha Pro s5527 FRP Bypass (Android 6.0) Unlock Google Lock Without PC,6.0,2023-05-13 09:09:00,https://www.bypassfrpfiles.com/2023/05/verykool-alpha-pro-s5527-frp-bypass/
142,,Verykool Crystal s4009 FRP Bypass (Android 6.0) Unlock Google Lock Without PC,6.0,2023-05-13 08:52:00,https://www.bypassfrpfiles.com/2023/05/verykool-crystal-s4009-frp-bypass/
143,,Verykool Spear JR s5034 FRP Bypass (Android 6.0) Unlock Google Lock Without PC,6.0,2023-05-13 08:40:00,https://www.bypassfrpfiles.com/2023/05/verykool-spear-jr-s5034-frp-bypass/
144,,Verykool Spear S5035 FRP Bypass (Android 6.0) Unlock Google Lock Without PC,6.0,2023-05-13 08:30:01,https://www.bypassfrpfiles.com/2023/05/verykool-spear-s5035-frp-bypass/
145,,Verykool Alpha s5526 FRP Bypass (Android 6.0) Unlock Google Lock Without PC,6.0,2023-05-13 08:20:49,https://www.bypassfrpfiles.com/2023/05/verykool-alpha-s5526-frp-bypass/
146,,How to Vivo X9s Plus Hard Reset & Factory Reset,,2023-05-12 10:45:00,https://www.bypassfrpfiles.com/2023/05/vivo-x9s-plus-hard-reset/
147,324,How to Vivo Y69 Hard Reset & Factory Reset,,2023-05-12 10:30:00,https://www.bypassfrpfiles.com/2023/05/vivo-y69-hard-reset/
148,323,How to Vivo Y65 Hard Reset & Factory Reset,,2023-05-12 10:15:00,https://www.bypassfrpfiles.com/2023/05/vivo-y65-hard-reset/
149,325,How to Vivo V5s Hard Reset & Factory Reset,,2023-05-12 10:06:06,https://www.bypassfrpfiles.com/2023/05/vivo-v5s-hard-reset/
150,,Infinix Smart 7 FRP Bypass Android 12 Unlock Google Verification Without PC,12.0,2023-05-12 09:46:00,https://www.bypassfrpfiles.com/2023/05/infinix-smart-7-frp-bypass/
151,,Infinix Smart 7 Plus FRP Bypass Android 12 Google Gmail Unlock Without PC,12.0,2023-05-12 09:40:51,https://www.bypassfrpfiles.com/2023/05/infinix-smart-7-plus-frp-bypass/
152,,Infinix Smart 7 HD FRP Bypass Android 12 Google Gmail Unlock Without PC,12.0,2023-05-12 08:59:13,https://www.bypassfrpfiles.com/2023/05/infinix-smart-7-hd-frp-bypass/
153,,Infinix Hot 30i FRP Bypass Android 12 Google Gmail Unlock Without PC,12.0,2023-05-12 08:11:32,https://www.bypassfrpfiles.com/2023/05/infinix-hot-30i-frp-bypass/
154,,Verykool Bolt s5028 FRP Bypass (Android 6.0) Unlock Google Lock Without PC,6.0,2023-05-10 22:21:38,https://www.bypassfrpfiles.com/2023/05/verykool-bolt-s5028-frp-bypass/
155,,Verykool Luna II s4513 FRP Bypass (Android 6.0) Unlock Google Lock Without PC,6.0,2023-05-10 22:16:57,https://www.bypassfrpfiles.com/2023/05/verykool-luna-ii-s4513-frp-bypass/
156,,Verykool Bolt Pro s5027 FRP Bypass (Android 6.0) Unlock Google Lock Without PC,6.0,2023-05-10 22:10:58,https://www.bypassfrpfiles.com/2023/05/verykool-bolt-pro-s5027-frp-bypass/
157,,Verykool Maverick Pro SL5560 FRP Bypass (Android 6.0) Unlock Google Lock Without PC,6.0,2023-05-10 22:05:39,https://www.bypassfrpfiles.com/2023/05/verykool-maverick-pro-sl5560-frp-bypass/
158,,Verykool Wave Pro s5021 FRP Bypass (Android 6.0) Unlock Google Lock Without PC,6.0,2023-05-10 21:58:56,https://www.bypassfrpfiles.com/2023/05/verykool-wave-pro-s5021-frp-bypass/
159,,Verykool Wave S5019 FRP Bypass (Android 6.0) Unlock Google Lock Without PC,6.0,2023-05-10 21:53:48,https://www.bypassfrpfiles.com/2023/05/verykool-wave-s5019-frp-bypass/
160,,Verykool Eclipse SL5200 FRP Bypass (Android 6.0) Unlock Google Lock Without PC,6.0,2023-05-10 21:49:58,https://www.bypassfrpfiles.com/2023/05/verykool-eclipse-sl5200-frp-bypass/
161,,Verykool KolorPad LTE TL8010 FRP Bypass (Android 6.0) Unlock Google Lock Without PC,6.0,2023-05-10 21:41:35,https://www.bypassfrpfiles.com/2023/05/verykool-kolorpad-lte-tl8010-frp-bypass/
162,322,How to Vivo X20 Hard Reset & Factory Reset,,2023-05-09 20:08:37,https://www.bypassfrpfiles.com/2023/05/vivo-x20-hard-reset/
163,,How to Vivo V7 Plus Hard Reset & Factory Reset,,2023-05-09 20:02:23,https://www.bypassfrpfiles.com/2023/05/vivo-v7-plus-hard-reset/
164,321,How to Vivo X20 Plus Hard Reset & Factory Reset,,2023-05-09 19:56:11,https://www.bypassfrpfiles.com/2023/05/vivo-x20-plus-hard-reset/
165,,How to Vivo V7 Hard Reset & Factory Reset,,2023-05-09 19:49:07,https://www.bypassfrpfiles.com/2023/05/vivo-v7-hard-reset/
166,317,How to Vivo X21 UD Hard Reset & Factory Reset,,2023-05-09 19:41:58,https://www.bypassfrpfiles.com/2023/05/vivo-x21-ud-hard-reset/
167,319,How to Vivo X21 Hard Reset & Factory Reset,,2023-05-09 19:35:29,https://www.bypassfrpfiles.com/2023/05/vivo-x21-hard-reset/
168,318,How to Vivo V9 Youth Hard Reset & Factory Reset,,2023-05-09 19:30:50,https://www.bypassfrpfiles.com/2023/05/vivo-v9-youth-hard-reset/
169,316,How to Vivo Y71 Hard Reset & Factory Reset,,2023-05-09 19:24:43,https://www.bypassfrpfiles.com/2023/05/vivo-y71-hard-reset/
170,,TF Kirin Tool V2 Download Latest Huawei AIO Tools,,2023-05-09 11:01:31,https://www.bypassfrpfiles.com/2023/05/tf-kirin-tool/
171,305,How to Vivo X21i Hard Reset & Factory Reset,,2023-05-09 08:52:00,https://www.bypassfrpfiles.com/2023/05/vivo-x21i-hard-reset/
172,309,How to Vivo Y81 Hard Reset & Factory Reset,,2023-05-09 08:40:00,https://www.bypassfrpfiles.com/2023/05/vivo-y81-hard-reset/
173,313,How to Vivo Z1 Hard Reset & Factory Reset,,2023-05-09 08:33:18,https://www.bypassfrpfiles.com/2023/05/vivo-z1-hard-reset/
174,310,How to Vivo NEX A Hard Reset & Factory Reset,,2023-05-09 08:26:53,https://www.bypassfrpfiles.com/2023/05/vivo-nex-a-hard-reset/
175,1048,Xiaomi Redmi 3 Pro EDL Point (Test Point) Reboot to EDL Mode 9008,,2023-05-09 08:18:00,https://www.bypassfrpfiles.com/2023/05/xiaomi-redmi-3-pro-edl-point/
176,1036,Xiaomi Redmi 4 EDL Point (Test Point) Reboot to EDL Mode 9008,,2023-05-09 08:08:12,https://www.bypassfrpfiles.com/2023/05/xiaomi-redmi-4-edl-point/
177,1062,Xiaomi Redmi 2 Pro EDL Point (Test Point) Reboot to EDL Mode 9008,,2023-05-09 07:47:03,https://www.bypassfrpfiles.com/2023/05/xiaomi-redmi-2-pro-edl-point/
178,1066,Xiaomi Redmi 2 EDL Point (Test Point) Reboot to EDL Mode 9008,,2023-05-09 07:40:00,https://www.bypassfrpfiles.com/2023/05/xiaomi-redmi-2-edl-point/
179,314,How to Vivo Y83 Hard Reset & Factory Reset,,2023-05-08 08:41:00,https://www.bypassfrpfiles.com/2023/05/vivo-y83-hard-reset/
180,311,How to Vivo NEX S Hard Reset & Factory Reset,,2023-05-08 08:35:00,https://www.bypassfrpfiles.com/2023/05/vivo-nex-s-hard-reset/
181,,Verykool Cyprus II s6005 FRP Bypass (Android 6.0) Unlock Google Lock Without PC,6.0,2023-05-08 08:21:00,https://www.bypassfrpfiles.com/2023/05/verykool-cyprus-ii-s6005-frp-bypass-unlock-google/
182,,Verykool Cyprus JR s6004 FRP Bypass (Android 6.0) Unlock Google Lock Without PC,6.0,2023-05-08 08:10:00,https://www.bypassfrpfiles.com/2023/05/verykool-cyprus-jr-s6004-frp-bypass/
183,,Verykool Maverick III JR s5524 FRP Bypass (Android 6.0) Unlock Google Lock Without PC,6.0,2023-05-08 07:52:21,https://www.bypassfrpfiles.com/2023/05/verykool-maverick-iii-jr-s5524-frp-bypass/
184,,Verykool Phantom SL5050 FRP Bypass (Android 6.0) Unlock Google Lock Without PC,6.0,2023-05-08 07:23:33,https://www.bypassfrpfiles.com/2023/05/verykool-phantom-sl5050-frp-bypass/
185,,Verykool Lotus Plus s5007 FRP Bypass Unlock Google Gmail (Android 5.1) Without PC,5.1,2023-05-08 07:04:56,https://www.bypassfrpfiles.com/2023/05/verykool-lotus-plus-s5007-frp-bypass/
186,,Verykool Leo s4008 FRP Bypass Unlock Google Gmail (Android 5.1) Without PC,5.1,2023-05-08 06:53:11,https://www.bypassfrpfiles.com/2023/05/verykool-leo-s4008-frp-bypass/
187,318,How to Vivo V9 Hard Reset & Factory Reset,,2023-05-07 08:10:00,https://www.bypassfrpfiles.com/2023/05/vivo-v9-hard-reset/
188,303,How to Vivo Y83 Pro Hard Reset & Factory Reset,,2023-05-07 08:00:42,https://www.bypassfrpfiles.com/2023/05/vivo-y83-pro-hard-reset/
189,300,How to Vivo V11 Pro Hard Reset & Factory Reset,,2023-05-07 07:54:46,https://www.bypassfrpfiles.com/2023/05/vivo-v11-pro-hard-reset/
190,299,How to Vivo V11 Hard Reset & Factory Reset,,2023-05-07 07:47:18,https://www.bypassfrpfiles.com/2023/05/vivo-v11-hard-reset/
191,302,How to Vivo X23 Hard Reset & Factory Reset,,2023-05-07 07:41:00,https://www.bypassfrpfiles.com/2023/05/vivo-x23-hard-reset/
192,304,How to Vivo V11i Hard Reset & Factory Reset (Erase All Data),,2023-05-07 07:31:17,https://www.bypassfrpfiles.com/2023/05/vivo-v11i-hard-reset/
193,307,How to Vivo Y71i Hard Reset & Factory Reset (Erase All Data),,2023-05-07 07:00:37,https://www.bypassfrpfiles.com/2023/05/vivo-y71i-hard-reset/
194,294,How to Vivo Y81i Hard Reset & Factory Reset (Erase All Data),,2023-05-07 06:54:29,https://www.bypassfrpfiles.com/2023/05/vivo-y81i-hard-reset/
195,269,How to Vivo Y90 Hard Reset & Factory Reset,,2023-05-06 09:59:00,https://www.bypassfrpfiles.com/2023/05/vivo-y90-hard-reset/
196,290,How to Vivo Y91 Hard Reset & Factory Reset,,2023-05-06 09:46:00,https://www.bypassfrpfiles.com/2023/05/vivo-y91-hard-reset/
197,288,How to Vivo Y93s Hard Reset & Factory Reset,,2023-05-06 09:35:01,https://www.bypassfrpfiles.com/2023/05/vivo-y93s-hard-reset/
198,289,How to Vivo Y91i Hard Reset & Factory Reset,,2023-05-06 09:28:51,https://www.bypassfrpfiles.com/2023/05/vivo-y91i-hard-reset/
199,293,How to Vivo Y95 Hard Reset & Factory Reset,,2023-05-06 09:21:11,https://www.bypassfrpfiles.com/2023/05/vivo-y95-hard-reset/
200,292,How to Vivo Z1 Lite Hard Reset & Factory Reset,,2023-05-06 08:48:36,https://www.bypassfrpfiles.com/2023/05/vivo-z1-lite-hard-reset/
201,295,How to Vivo Y93 Hard Reset & Factory Reset,,2023-05-07 10:15:32,https://www.bypassfrpfiles.com/2023/05/vivo-y93-hard-reset/
202,286,How to Vivo Y89 Hard Reset & Factory Reset,,2023-05-06 08:18:10,https://www.bypassfrpfiles.com/2023/05/vivo-y89-hard-reset/
203,,Verykool Giant s5020 FRP Bypass Unlock Google Gmail (Android 5.1) Without PC,5.1,2023-05-04 20:21:40,https://www.bypassfrpfiles.com/2023/05/verykool-giant-s5020-frp-bypass/
204,,Verykool Spark LTE SL5011 FRP Bypass Unlock Google Gmail (Android 5.1) Without PC,5.1,2023-05-04 20:17:53,https://www.bypassfrpfiles.com/2023/05/verykool-spark-lte-sl5011-frp-bypass/
205,,Verykool Fusion 2 SL4502 FRP Bypass Unlock Google Gmail (Android 5.1) Without PC,5.1,2023-05-04 20:17:07,https://www.bypassfrpfiles.com/2023/05/verykool-fusion-2-sl4502-frp-bypass/
206,,Verykool Cyprus LTE SL6010 FRP Bypass Unlock Google Gmail (Android 5.1) Without PC,5.1,2023-05-04 20:12:34,https://www.bypassfrpfiles.com/2023/05/verykool-cyprus-lte-sl6010-frp-bypass/
207,,Verykool Leo LTE SL4050 FRP Bypass Unlock Google Gmail (Android 5.1) Without PC,5.1,2023-05-04 20:07:52,https://www.bypassfrpfiles.com/2023/05/verykool-leo-lte-sl4050-frp-bypass/
208,,Verykool Helix 2 s5030 FRP Bypass Unlock Google Gmail (Android 5.1) Without PC,5.1,2023-05-04 19:56:46,https://www.bypassfrpfiles.com/2023/05/verykool-helix-2-s5030-frp-bypass/
209,,Verykool Maverick 2 S5530 FRP Bypass Unlock Google Gmail (Android 5.1) Without PC,5.1,2023-05-04 19:53:03,https://www.bypassfrpfiles.com/2023/05/verykool-maverick-2-s5530-frp-bypass/
210,,Verykool Jet 2 SL5008 FRP Bypass Unlock Google Gmail (Android 5.1) Without PC,5.1,2023-05-04 19:40:30,https://www.bypassfrpfiles.com/2023/05/verykool-jet-2-sl5008-frp-bypass-unlock/
211,,Verykool Maverick LTE SL5550 FRP Bypass Unlock Google Gmail (Android 5.1) Without PC,5.1,2023-05-03 21:17:09,https://www.bypassfrpfiles.com/2023/05/verykool-maverick-lte-sl5550-frp-bypass/
212,,Verykool Helix s5025 FRP Bypass Unlock Google Gmail (Android 5.1) Without PC,5.1,2023-05-03 21:08:56,https://www.bypassfrpfiles.com/2023/05/verykool-helix-s5025-frp-bypass/
213,,Verykool Jet SL5009 FRP Bypass Unlock Google Gmail (Android 5.1) Without PC,5.1,2023-05-03 21:05:32,https://www.bypassfrpfiles.com/2023/05/verykool-jet-sl5009-frp-bypass/
214,,Xgody X27 FRP Bypass Fix YouTube Update (Android 9) – Unlock Google Without PC,9.0,2023-05-03 20:44:07,https://www.bypassfrpfiles.com/2023/05/xgody-x27-frp-bypass/
215,,Xgody P30 FRP Bypass Fix YouTube Update (Android 9) – Unlock Google Without PC,9.0,2023-05-03 20:39:22,https://www.bypassfrpfiles.com/2023/05/xgody-p30-frp-bypass/
216,,Xgody Mate 20 FRP Bypass Fix YouTube Update (Android 9) – Unlock Google Without PC,9.0,2023-05-03 20:33:14,https://www.bypassfrpfiles.com/2023/05/xgody-mate-20-frp-bypass/
217,,Xgody S10 FRP Bypass Fix YouTube Update (Android 8.1) – Unlock Google Without PC,8.1,2023-05-03 20:22:01,https://www.bypassfrpfiles.com/2023/05/xgody-s10-frp-bypass/
218,,Xgody X25 FRP Bypass Fix YouTube Update (Android 8.1) – Unlock Google Without PC,8.1,2023-05-03 20:18:00,https://www.bypassfrpfiles.com/2023/05/xgody-x25-frp-bypass/
219,,Xgody Fluo N FRP Bypass Fix YouTube Update (Android 8.1) – Unlock Google Without PC,8.1,2023-05-03 20:13:54,https://www.bypassfrpfiles.com/2023/05/xgody-fluo-n-frp-bypass/
220,,Xgody XR FRP Bypass Fix YouTube Update (Android 8.1) – Unlock Google Without PC,8.1,2023-05-03 10:14:00,https://www.bypassfrpfiles.com/2023/05/xgody-xr-frp-bypass/
221,,Xgody P20 Pro FRP Bypass Fix YouTube Update (Android 8.1) – Unlock Google Without PC,8.1,2023-05-03 10:02:00,https://www.bypassfrpfiles.com/2023/05/xgody-p20-pro-frp-bypass/
222,,Xgody P20 FRP Bypass Fix YouTube Update (Android 8.1) – Unlock Google Without PC,8.1,2023-05-03 09:50:00,https://www.bypassfrpfiles.com/2023/05/xgody-p20-frp-bypass/
223,,Xgody Mate RS FRP Bypass Fix YouTube Update (Android 8.1) – Unlock Google Without PC,8.1,2023-05-03 09:40:00,https://www.bypassfrpfiles.com/2023/05/xgody-mate-rs-frp-bypass/
224,,Xgody Symbol X FRP Bypass Fix YouTube & Location Update (Android 8.1) – Unlock Google Lock Without PC,8.1,2023-05-03 09:27:26,https://www.bypassfrpfiles.com/2023/05/xgody-symbol-x-frp-bypass/
225,,Xgody X6 FRP Bypass Fix YouTube & Location Update (Android 8.1) – Unlock Google Lock Without PC,8.1,2023-05-03 09:11:56,https://www.bypassfrpfiles.com/2023/05/xgody-x6-frp-bypass/
226,,Xgody X24 FRP Bypass Fix YouTube & Location Update (Android 8.1) – Unlock Google Lock Without PC,8.1,2023-05-03 08:59:55,https://www.bypassfrpfiles.com/2023/05/xgody-x24-frp-bypass/
227,,Samsung OTA Disabler Tool Download Latest Version Free,,2023-05-03 08:13:47,https://www.bypassfrpfiles.com/2023/05/samsung-ota-disabler-tool/
228,,Xgody Y26 FRP Bypass Fix YouTube & Location Update (Android 8.1) – Unlock Google Lock Without PC,8.1,2023-05-02 11:15:00,https://www.bypassfrpfiles.com/2023/05/xgody-y26-frp-bypass/
229,,Xgody Y27 FRP Bypass Fix YouTube & Location Update (Android 8.1) – Unlock Google Lock Without PC,8.1,2023-05-02 11:03:48,https://www.bypassfrpfiles.com/2023/05/xgody-y27-frp-bypass/
230,,Xgody S9 FRP Bypass Fix YouTube & Location Update (Android 8.1) – Unlock Google Lock Without PC,8.1,2023-05-03 08:53:23,https://www.bypassfrpfiles.com/2023/05/xgody-s9-frp-bypass/
231,,Xgody Y24 FRP Bypass (Android 6.0) Unlock Google Lock Without PC,6.0,2023-05-02 10:26:00,https://www.bypassfrpfiles.com/2023/05/xgody-y24-frp-bypass-unlock-google/
232,,Xgody M78 Pro FRP Bypass (Android 6.0) Unlock Google Lock Without PC,6.0,2023-05-02 10:16:29,https://www.bypassfrpfiles.com/2023/05/xgody-m78-pro-frp-bypass-unlock-google/
233,,Xgody D23 FRP Bypass Unlock Google Gmail (Android 5.1) Without PC,5.1,2023-05-02 08:11:00,https://www.bypassfrpfiles.com/2023/05/xgody-d23-frp-bypass-unlock-google/
234,,Xgody S14 FRP Bypass Unlock Google Gmail (Android 5.1) Without PC,5.1,2023-05-02 08:01:56,https://www.bypassfrpfiles.com/2023/05/xgody-s14-frp-bypass-unlock-google/
235,,Xgody X22 FRP Bypass Unlock Google Gmail (Android 5.1) Without PC,5.1,2023-05-02 07:52:19,https://www.bypassfrpfiles.com/2023/05/xgody-x22-frp-bypass-unlock-google/
236,281,How to Vivo X27 Pro Hard Reset & Factory Reset,,2023-05-01 09:24:24,https://www.bypassfrpfiles.com/2023/05/vivo-x27-pro-hard-reset/
237,280,How to Vivo X27 Hard Reset & Factory Reset,,2023-05-01 09:11:29,https://www.bypassfrpfiles.com/2023/05/vivo-x27-hard-reset/
238,274,How to Vivo Y15C Hard Reset & Factory Reset,,2023-05-01 08:40:49,https://www.bypassfrpfiles.com/2023/05/vivo-y15c-hard-reset/
239,148,How to Vivo Y15s Hard Reset & Factory Reset,,2023-05-01 08:30:30,https://www.bypassfrpfiles.com/2023/05/vivo-y15s-hard-reset/
240,83,How to Vivo Y02s Hard Reset & Factory Reset,,2023-05-01 08:15:46,https://www.bypassfrpfiles.com/2023/05/vivo-y02s-hard-reset/
241,,How to Samsung Xcover Pro Hard Reset & Factory Reset,,2023-05-31 12:05:59,https://www.bypassfrpfiles.com/2023/05/samsung-xcover-pro-hard-reset/
242,,How to Samsung Note 10 Lite Hard Reset & Factory Reset,,2023-05-31 11:39:55,https://www.bypassfrpfiles.com/2023/05/samsung-note-10-lite-hard-reset/
243,,How to Samsung S10 Lite Hard Reset & Factory Reset,,2023-05-31 10:28:47,https://www.bypassfrpfiles.com/2023/05/samsung-s10-lite-hard-reset/
244,,How to Samsung A01 Hard Reset & Factory Reset,,2023-05-31 09:14:00,https://www.bypassfrpfiles.com/2023/05/samsung-a01-hard-reset/
245,,How to Samsung A71 Hard Reset & Factory Reset,,2023-05-31 09:00:59,https://www.bypassfrpfiles.com/2023/05/samsung-a51-hard-reset-2/
246,,How to Samsung Tab S6 5G Hard Reset & Factory Reset,,2023-05-31 08:50:13,https://www.bypassfrpfiles.com/2023/05/samsung-tab-s6-5g-hard-reset/
247,,How to Samsung S20 5G UW Hard Reset & Factory Reset,,2023-05-31 08:38:15,https://www.bypassfrpfiles.com/2023/05/samsung-s20-5g-uw-hard-reset/
248,,How to Samsung S20 Hard Reset & Factory Reset,,2023-05-31 08:25:27,https://www.bypassfrpfiles.com/2023/05/samsung-s20-hard-reset/
249,,How to Samsung A10s Hard Reset & Factory Reset,,2023-05-31 21:27:27,https://www.bypassfrpfiles.com/2023/06/samsung-a10s-hard-reset/
250,,How to Samsung M30s Hard Reset & Factory Reset,,2023-05-31 21:19:54,https://www.bypassfrpfiles.com/2023/06/samsung-m30s-hard-reset/
251,,How to Samsung A20s Hard Reset & Factory Reset,,2023-05-31 21:11:32,https://www.bypassfrpfiles.com/2023/06/samsung-a20s-hard-reset/
252,,How to Samsung A70s Hard Reset & Factory Reset,,2023-05-31 21:04:19,https://www.bypassfrpfiles.com/2023/06/samsung-a70s-hard-reset/
253,,How to Samsung M10s Hard Reset & Factory Reset,,2023-05-31 20:59:16,https://www.bypassfrpfiles.com/2023/06/samsung-m10s-hard-reset/
254,,How to Samsung A90 5G Hard Reset & Factory Reset,,2023-05-31 20:53:10,https://www.bypassfrpfiles.com/2023/06/samsung-a90-5g-hard-reset/
255,,How to Samsung A30s Hard Reset & Factory Reset,,2023-05-31 20:41:54,https://www.bypassfrpfiles.com/2023/06/samsung-a30s-hard-reset/
256,,How to Samsung A50s Hard Reset & Factory Reset,,2023-05-31 20:30:31,https://www.bypassfrpfiles.com/2023/06/samsung-a50s-hard-reset/
